{
  "timestamp": "2026-03-28T17:25:17.257185",
  "config": {
    "limit": 2000,
    "max_windows_per_seq": 5,
    "window_size": 64,
    "stride": 12,
    "batch_size": 1024,
    "temperature": 4.0,
    "d_model": 128,
    "vocab_size": 258,
    "max_features": 1000,
    "ngram_range": [
      1,
      2
    ],
    "surrogate_max_depth": 3
  },
  "teacher": {
    "val_accuracy": 0.9699179530143738,
    "val_loss_final": 0.15575937926769257,
    "epochs_trained": 50
  },
  "window_balance": {
    "train_normal": 2045,
    "train_attack": 2664,
    "val_normal": 459,
    "val_attack": 638
  },
  "metrics": {
    "direct": {
      "accuracy": 0.8659981768459435,
      "precision": 0.9051764811154225,
      "recall": 0.8401749066049269,
      "f1": 0.8531917741000135,
      "normal": {
        "precision": 0.9968152866242038,
        "recall": 0.681917211328976,
        "f1": 0.8098318240620958,
        "support": 459
      },
      "attack": {
        "precision": 0.8135376756066411,
        "recall": 0.9984326018808778,
        "f1": 0.896551724137931,
        "support": 638
      }
    },
    "distilled": {
      "accuracy": 0.9471285323609845,
      "precision": 0.9564594238507282,
      "recall": 0.9377360487908155,
      "f1": 0.9446753526809315,
      "normal": {
        "precision": 0.9926289926289926,
        "recall": 0.8801742919389978,
        "f1": 0.9330254041570438,
        "support": 459
      },
      "attack": {
        "precision": 0.9202898550724637,
        "recall": 0.9952978056426333,
        "f1": 0.9563253012048193,
        "support": 638
      },
      "fidelity_to_teacher": 0.9498632634457612,
      "attack_fidelity": 0.9803328290468987
    }
  }
}