{
  "timestamp": "2026-03-27T22:21:52.450030",
  "config": {
    "limit": 2000,
    "max_windows_per_seq": 5,
    "window_size": 64,
    "stride": 12,
    "batch_size": 1024,
    "temperature": 4.0,
    "d_model": 128,
    "vocab_size": 258,
    "max_features": 1000,
    "ngram_range": [
      1,
      2
    ],
    "surrogate_max_depth": 3
  },
  "teacher": {
    "val_accuracy": 0.9717410802841187,
    "val_loss_final": 0.15323255956172943,
    "epochs_trained": 50
  },
  "window_balance": {
    "train_normal": 2045,
    "train_attack": 2664,
    "val_normal": 459,
    "val_attack": 638
  },
  "metrics": {
    "direct": {
      "accuracy": 0.8404740200546946,
      "precision": 0.8512307176391684,
      "recall": 0.8576570300708232,
      "f1": 0.8402823709509013,
      "normal": {
        "precision": 0.7366666666666667,
        "recall": 0.9629629629629629,
        "f1": 0.8347497639282342,
        "support": 459
      },
      "attack": {
        "precision": 0.96579476861167,
        "recall": 0.7523510971786834,
        "f1": 0.8458149779735683,
        "support": 638
      }
    },
    "distilled": {
      "accuracy": 0.9471285323609845,
      "precision": 0.9564594238507282,
      "recall": 0.9377360487908155,
      "f1": 0.9446753526809315,
      "normal": {
        "precision": 0.9926289926289926,
        "recall": 0.8801742919389978,
        "f1": 0.9330254041570438,
        "support": 459
      },
      "attack": {
        "precision": 0.9202898550724637,
        "recall": 0.9952978056426333,
        "f1": 0.9563253012048193,
        "support": 638
      },
      "fidelity_to_teacher": 0.9535095715587967,
      "attack_fidelity": 0.9848254931714719
    }
  }
}