statistic,all,normal,attack
min,25,25,56
max,6216251,1059662,6216251
mean,242930.70066889632,222838.7360021162,368475.03746556473
median,91505.0,97481.0,53834.0
p95,832025.0,827704.0,3577554.599999998
