statistic,all,normal,attack
min,1,1,1
p10,16.0,19.0,16.0
p50,132.0,192.0,16.0
p95,6798.0,7903.0,3080.399999999965
max,1381637,481336,1381637
mean,2577.2833482787987,2499.971911084908,2918.318051901015
