statistic,all,normal,attack
min,156,156,346
max,333639,326852,333639
mean,42078.30541871921,41822.46560846561,44325.380378657486
median,12981.5,12485.0,17357.5
p95,235547.19999999998,235920.0,217003.90000000002
