metric,median,p90,max
offset_s,11.118171215057373,17.22722105979919,53.43521595001221
fraction,0.47858732353398925,0.7065544700311513,186.96297991167785
